Year,File_Size_MB,Rows,Columns,Schema_Match,Total_Nulls,Duplicates,Loc_Date_Dups,Districts,Blocks,Min_Date,Max_Date,Max_Rainfall_mm,Flood_Occurred_1,Flood_Occurred_Rate,Flood_Next_Day_1,Flood_Next_Day_Rate,Anomalies_Count
2001,11.96,114610,31,True,8164,0,0,30,311,2001-01-01,2001-12-31,525.0,2365,0.02064,2365,0.02069,0
2002,17.79,114610,31,True,8164,0,0,30,311,2002-01-01,2002-12-31,243.0,0,0.0,0,0.0,0
2003,17.94,114610,31,True,8164,0,0,30,311,2003-01-01,2003-12-31,542.0,6383,0.05569,6383,0.05585,0
2004,17.86,114924,31,True,8164,0,0,30,311,2004-01-01,2004-12-31,475.0,411,0.00358,411,0.00359,0
2005,17.91,114610,31,True,8164,0,0,30,311,2005-01-01,2005-12-31,358.0,0,0.0,0,0.0,0
2006,17.93,114610,31,True,8164,0,0,30,311,2006-01-01,2006-12-31,700.0,6957,0.0607,6957,0.06087,0
2007,17.93,114610,31,True,8164,0,0,30,311,2007-01-01,2007-12-31,430.0,4923,0.04295,4923,0.04307,0
2008,17.94,114924,31,True,8164,0,0,30,311,2008-01-01,2008-12-31,424.0,2141,0.01863,2141,0.01868,0
2009,17.8,114610,31,True,8164,0,0,30,311,2009-01-01,2009-12-31,412.0,19964,0.17419,19964,0.17467,0
2010,17.86,114370,31,True,8164,0,0,30,311,2010-01-01,2010-12-31,486.0,302,0.00264,302,0.00265,0
2011,17.87,114610,31,True,8164,0,0,30,311,2011-01-01,2011-12-31,339.0,3711,0.03238,3711,0.03247,0
2012,17.96,114924,31,True,8164,0,0,30,311,2012-01-01,2012-12-31,478.0,1487,0.01294,1487,0.01297,0
2013,18.0,114610,31,True,8164,0,0,30,311,2013-01-01,2013-12-31,660.0,513,0.00448,513,0.00449,0
2014,17.95,114610,31,True,8164,0,0,30,311,2014-01-01,2014-12-31,405.0,728,0.00635,728,0.00637,0
2015,17.91,114610,31,True,8164,0,0,30,311,2015-01-01,2015-12-31,370.0,468,0.00408,468,0.00409,0
2016,18.14,114924,31,True,8164,0,0,30,311,2016-01-01,2016-12-31,270.0,123,0.00107,123,0.00107,0
2017,18.16,114610,31,True,8164,0,0,30,311,2017-01-01,2017-12-31,395.1,385,0.00336,385,0.00337,0
2018,18.18,114610,31,True,8164,0,0,30,311,2018-01-01,2018-12-31,510.0,784,0.00684,784,0.00686,0
2019,22.58,136508,31,True,9724,1707,11315,30,319,2019-01-01,2019-12-31,3168.5,192,0.00141,192,0.00141,2
2020,22.82,136883,31,True,9724,762,11346,30,319,2020-01-01,2020-12-31,3176.7,8866,0.06477,8866,0.06495,2
2021,22.65,136510,31,True,9724,1729,11315,30,319,2021-01-01,2021-12-31,3490.4,2582,0.01891,2582,0.01897,2
2022,22.34,136510,31,True,9724,2422,11315,31,319,2022-01-01,2022-12-31,3254.2,5825,0.04267,5825,0.04279,2
2023,22.44,136510,31,True,9724,2204,11315,31,319,2023-01-01,2023-12-31,3098.2,2232,0.01635,2232,0.0164,2
2024,22.66,136884,31,True,11050,776,11346,33,362,2024-01-01,2024-12-31,2378.5,6076,0.04439,6076,0.04453,2
