feature,train_mean,test_mean,point_biserial_corr,spearman_corr,ks_stat_train_test,ks_p_value
Flood_Occurred,0.02502193567892077,0.028546244741940553,0.919348980244078,0.919348980252845,0.003524309063019815,0.0013208391731040362
Rainfall_Prev_15d_Sum,59.70349003797983,56.49779132412918,0.23809500569112793,0.19415003092985608,0.07672460159553207,0.0
Rainfall_Prev_7d_Sum,27.867955168365725,26.46445991075117,0.23088287362380575,0.18973031856859535,0.05688819990494037,0.0
Rainfall_Prev_30d_Sum,119.31257947595654,112.90125146178416,0.23062903547324148,0.19708951539330885,0.08586921828612515,0.0
Rainy_Days_Prev_30d,5.254727617249898,5.5550910815166485,0.2140013620227516,0.19277883925427747,0.07713522845592422,0.0
Rainfall_Prev_7d_Max,15.969608952029455,15.146133937246548,0.211283175642892,0.1840956846392248,0.0568596855652736,0.0
Rainy_Days_Prev_15d,2.6292344581293796,2.7803309304801633,0.21027031181263572,0.19026748747115962,0.06158891207523248,0.0
Rainfall_Prev_15d_Max,25.215326735065283,23.761782562151286,0.20422891867079873,0.18245253150807114,0.0767202512620333,0.0
Rainy_Days_Prev_7d,1.227228924185158,1.3030067663879823,0.19982942305000087,0.1846713857778396,0.04111415479012248,0.0
Rainfall_Prev_3d_Sum,11.943479873196997,11.354956655554197,0.19924788735787258,0.17422345118973548,0.03563450069938845,0.0
Rainfall_Prev_3d_Max,8.944028891189232,8.515795152403724,0.19124537370108938,0.1726924478405854,0.035634016200682295,0.0
Rainfall_Prev_30d_Max,36.57760562317951,34.07669092792022,0.18591916739395267,0.17761546143503343,0.08580675247954458,0.0
Rainfall (mm),3.9811599577323356,3.7788436341845126,0.1759352319989979,0.15777848352604149,0.01924193225576354,3.3106870249268984e-95
Rainy_Days_Prev_3d,0.5259635589143159,0.559204440333025,0.17411273131721622,0.16756243773670482,0.02232679613263555,4.904787835761511e-128
Rainfall_Lag_1d,3.981159957732335,3.7785381867476544,0.1572357130393006,0.15077969404042707,0.019262295418220887,2.0854187958989795e-95
Consecutive_Rainy_Days_Before,0.5305197847469149,0.621053182762292,0.1411635663216306,0.1504505403997953,0.020759850454349138,9.446781324494384e-111
Rainfall_Lag_2d,3.981159957732335,3.7861525549950845,0.14062683142534116,0.14201788649394617,0.019652104528117942,2.7277304343997414e-99
Rainfall_Lag_3d,3.981159957732335,3.7902659138114605,0.13004210361263102,0.1380435292129339,0.019963370011394033,1.901082053443444e-102
Rainfall_Lag_7d,3.981118823792183,3.7701366368200895,0.1015679944743671,0.12805831222258107,0.018599518563517714,5.5375810146518834e-89
Month_Number,6.522741158019738,6.517841039335812,0.07148983943951595,0.07145125201371197,0.0008541248631783738,0.9824778004109942
Day_of_Year,183.09507851059283,183.02694337295424,0.0693735181094988,0.06938812159025502,0.0006085303749195914,0.9999047561568049
Rainfall_Missing,0.0011419634503866058,8.727069624561465e-06,0.0002776755631777824,0.00027767556317780096,0.001133236380762126,0.8431507022634445
Day_of_Week,2.9995561991851702,3.0018268665747416,-0.006312006829566769,-0.006311858847912316,0.0011241684321235956,0.8500068554923406
Day,15.728602720266435,15.717120765189465,-0.017148004984582212,-0.017227723694113756,0.0008966495716100642,0.9716305697920717
Year,2009.5002478210881,2022.999790550329,-0.0515896839313984,-0.05157656625270673,1.0,0.0
Month_cos,-0.002169644159521043,-0.002934610773756408,-0.09323918478923718,-0.10603271877831359,0.010134213080702725,1.024147062438665e-26
Month_sin,-0.004790389989505561,-0.0047725596895023025,-0.17369081169953168,-0.15932741569186767,0.009374825562035893,6.348802956084846e-23
