feature,raw_coefficient,abs_coefficient,odds_ratio_per_sd,train_scale_std
Month_cos,-1.486180749752024,1.486180749752024,0.22623505592313864,0.7084269390863099
Flood_Occurred,1.2437309248130832,1.2437309248130832,3.468530179445269,0.15619167203727832
Month_sin,-1.2282895200507504,1.2282895200507504,0.2927929661044791,0.7057645618749737
Rainy_Days_Prev_15d,-0.646324505881562,0.646324505881562,0.5239680834925218,3.2709637782511645
Rainy_Days_Prev_30d,0.5638222390489805,0.5638222390489805,1.7573767936324,6.01124439609272
Rainfall_Prev_15d_Sum,0.5172538870650176,0.5172538870650176,1.6774149482114107,96.26490660247777
Month_Number,0.45089200301416943,0.45089200301416943,1.5697117488013317,3.448471226864625
Day_of_Year,0.4173286802218191,0.4173286802218191,1.5179013351016246,105.42636198159973
Rainfall_Prev_15d_Max,-0.3982175175900971,0.3982175175900971,0.6715159452447167,38.69043432141263
Day,0.287013422625498,0.287013422625498,1.3324420982269276,8.799651888182558
Rainy_Days_Prev_7d,0.27480417274829955,0.27480417274829955,1.3162728875255,1.7201761895520826
Rainfall_Prev_30d_Sum,-0.2547501536247578,0.2547501536247578,0.7751101322276145,165.99915640064964
Year,-0.20914751312166763,0.20914751312166763,0.8112755530268907,5.188044040634489
Rainfall_Prev_30d_Max,0.16507469845884706,0.16507469845884706,1.1794812208502392,47.44009564397778
Rainfall (mm),0.14559301083834797,0.14559301083834797,1.156725317570445,14.297290325291764
Rainfall_Prev_7d_Sum,-0.14071589670115353,0.14071589670115353,0.8687360874293739,54.82169623948185
Rainfall_Prev_3d_Max,-0.07763057195256237,0.07763057195256237,0.9253061974715828,22.03298014891368
Rainy_Days_Prev_3d,0.0510174609216429,0.0510174609216429,1.0523412679712056,0.8767419972161874
Day_of_Week,-0.0414964020309033,0.0414964020309033,0.9593527870569434,2.0001852629347185
Rainfall_Prev_7d_Max,0.0370627908123983,0.0370627908123983,1.0377581804716474,30.10075570878562
Rainfall_Missing,0.033608877841777775,0.033608877841777775,1.034180036887143,0.033773649045736556
Rainfall_Lag_1d,0.0310877982594367,0.0310877982594367,1.0315760704941352,14.297290325291767
Consecutive_Rainy_Days_Before,-0.0246275171367152,0.0246275171367152,0.9756732659243037,1.544130384229324
Rainfall_Prev_3d_Sum,0.019112402399031937,0.019112402399031937,1.019296213518326,30.704852464050514
Rainfall_Lag_3d,0.012488649652926443,0.012488649652926443,1.0125669584889954,14.297290325291769
Rainfall_Lag_7d,0.00618176815000755,0.00618176815000755,1.0062009147116067,14.297286795362254
Rainfall_Lag_2d,-0.002530663533332083,0.002530663533332083,0.9974725358961651,14.297290325291767
