Model,Strategy_Key,Strategy_Label,Selected_Threshold,Optimization_Target,Val_F1,Val_F2,Val_Precision,Val_Recall,Val_Specificity,Val_Accuracy,Val_ROC_AUC,Val_PR_AUC,Val_Brier_Score,Test_F1,Test_F2,Test_Precision,Test_Recall,Test_Specificity,Test_Accuracy,Test_ROC_AUC,Test_PR_AUC,Test_Brier_Score,Test_TP,Test_FP,Test_TN,Test_FN,Explanation
Logistic Regression,f1_optimal,F1 Optimal (Balanced),0.85015,f1,0.25694,0.29098,0.21502,0.31918,0.96095,0.94013,0.8623,0.17317,0.14586,0.32222,0.37049,0.26473,0.4116,0.96641,0.95057,0.84091,0.23986,0.14904,4039,11218,322727,5774,"Selected threshold 0.8501 maximizing F1-score (0.2569) on validation data. Precision=0.2150, Recall=0.3192. Note: Threshold is in the range >0.70 because 'Logistic Regression' was trained with balanced class weighting which shifts predicted probabilities upward to compensate for class imbalance (mean proba: 0.2413)."
Logistic Regression,f2_optimal,F2 Optimal (High Recall Priority),0.51648,f2,0.20528,0.38407,0.11559,0.91586,0.76515,0.77003,0.8623,0.17317,0.14586,0.14903,0.28618,0.08285,0.74055,0.7591,0.75857,0.84091,0.23986,0.14904,7267,80446,253499,2546,Selected threshold 0.5165 maximizing F2-score (0.3841) on validation data to heavily prioritize disaster recall (0.9159) over false alarms (Precision=0.1156).
Logistic Regression,high_recall_80,High Sensitivity (Recall >= 80%),0.5954,target_recall,0.19384,0.35549,0.11027,0.80054,0.78352,0.78407,0.8623,0.17317,0.14586,0.15434,0.2928,0.08631,0.72852,0.77338,0.7721,0.84091,0.23986,0.14904,7149,75677,258268,2664,"Selected threshold 0.5954 ensuring target recall >= 80.0% (achieved Recall=80.05%, Precision=11.03%)."
Logistic Regression,high_recall_85,High Sensitivity (Recall >= 85%),0.57942,target_recall,0.20007,0.36977,0.11336,0.85099,0.77692,0.77932,0.8623,0.17317,0.14586,0.1522,0.29009,0.08492,0.7325,0.76806,0.76705,0.84091,0.23986,0.14904,7188,77454,256491,2625,"Selected threshold 0.5794 ensuring target recall >= 85.0% (achieved Recall=85.10%, Precision=11.34%)."
Logistic Regression,high_recall_90,High Sensitivity (Recall >= 90%),0.55045,target_recall,0.20472,0.38161,0.11549,0.90009,0.76897,0.77322,0.8623,0.17317,0.14586,0.14981,0.28699,0.08339,0.73668,0.76204,0.76132,0.84091,0.23986,0.14904,7229,79464,254481,2584,"Selected threshold 0.5504 ensuring target recall >= 90.0% (achieved Recall=90.01%, Precision=11.55%)."
Logistic Regression,cost_sensitive_10x,Cost-Sensitive (10:1 Missed Flood Penalty),0.81818,cost_sensitive,0.2515,0.32273,0.18387,0.39785,0.94081,0.92321,0.8623,0.17317,0.14586,0.30228,0.39663,0.21645,0.50087,0.94672,0.93399,0.84091,0.23986,0.14904,4915,17792,316153,4898,"Selected threshold 0.8182 minimizing total cost ($86,908) with FN weight 10.0x and FP weight 1.0x. Note: Threshold is in the range >0.70 because 'Logistic Regression' was trained with balanced class weighting which shifts predicted probabilities upward to compensate for class imbalance (mean proba: 0.2413)."
Logistic Regression,g_mean_balanced,G-Mean Balanced (Sensitivity-Specificity),0.50849,g_mean,0.20509,0.38391,0.11546,0.91685,0.76459,0.76953,0.8623,0.17317,0.14586,0.14886,0.28597,0.08275,0.74085,0.75867,0.75816,0.84091,0.23986,0.14904,7270,80590,253355,2543,"Selected threshold 0.5085 maximizing G-Mean (0.8373) (Sensitivity=0.9169, Specificity=0.7646)."
Decision Tree,f1_optimal,F1 Optimal (Balanced),0.82617,f1,0.22058,0.26227,0.17437,0.30009,0.95238,0.93123,0.8393,0.14286,0.14969,0.23119,0.28839,0.17375,0.34536,0.95174,0.93443,0.80117,0.12953,0.15149,3389,16116,317829,6424,"Selected threshold 0.8262 maximizing F1-score (0.2206) on validation data. Precision=0.1744, Recall=0.3001. Note: Threshold is in the range >0.70 because 'Decision Tree' was trained with balanced class weighting which shifts predicted probabilities upward to compensate for class imbalance (mean proba: 0.2319)."
Decision Tree,f2_optimal,F2 Optimal (High Recall Priority),0.61439,f2,0.19966,0.37678,0.11195,0.92204,0.75487,0.76029,0.8393,0.14286,0.14969,0.14999,0.28878,0.08328,0.7538,0.75618,0.75611,0.80117,0.12953,0.15149,7397,81424,252521,2416,Selected threshold 0.6144 maximizing F2-score (0.3768) on validation data to heavily prioritize disaster recall (0.9220) over false alarms (Precision=0.1119).
Decision Tree,high_recall_80,High Sensitivity (Recall >= 80%),0.61841,target_recall,0.19966,0.37678,0.11195,0.92204,0.75487,0.76029,0.8393,0.14286,0.14969,0.16981,0.31547,0.09596,0.73688,0.796,0.79431,0.80117,0.12953,0.15149,7231,68124,265821,2582,"Selected threshold 0.6184 ensuring target recall >= 80.0% (achieved Recall=92.20%, Precision=11.20%)."
Decision Tree,high_recall_85,High Sensitivity (Recall >= 85%),0.61841,target_recall,0.19966,0.37678,0.11195,0.92204,0.75487,0.76029,0.8393,0.14286,0.14969,0.16981,0.31547,0.09596,0.73688,0.796,0.79431,0.80117,0.12953,0.15149,7231,68124,265821,2582,"Selected threshold 0.6184 ensuring target recall >= 85.0% (achieved Recall=92.20%, Precision=11.20%)."
Decision Tree,high_recall_90,High Sensitivity (Recall >= 90%),0.61841,target_recall,0.19966,0.37678,0.11195,0.92204,0.75487,0.76029,0.8393,0.14286,0.14969,0.16981,0.31547,0.09596,0.73688,0.796,0.79431,0.80117,0.12953,0.15149,7231,68124,265821,2582,"Selected threshold 0.6184 ensuring target recall >= 90.0% (achieved Recall=92.20%, Precision=11.20%)."
Decision Tree,cost_sensitive_10x,Cost-Sensitive (10:1 Missed Flood Penalty),0.61439,cost_sensitive,0.19966,0.37678,0.11195,0.92204,0.75487,0.76029,0.8393,0.14286,0.14969,0.14999,0.28878,0.08328,0.7538,0.75618,0.75611,0.80117,0.12953,0.15149,7397,81424,252521,2416,"Selected threshold 0.6144 minimizing total cost ($90,323) with FN weight 10.0x and FP weight 1.0x."
Decision Tree,g_mean_balanced,G-Mean Balanced (Sensitivity-Specificity),0.61439,g_mean,0.19966,0.37678,0.11195,0.92204,0.75487,0.76029,0.8393,0.14286,0.14969,0.14999,0.28878,0.08328,0.7538,0.75618,0.75611,0.80117,0.12953,0.15149,7397,81424,252521,2416,"Selected threshold 0.6144 maximizing G-Mean (0.8343) (Sensitivity=0.9220, Specificity=0.7549)."
Random Forest,f1_optimal,F1 Optimal (Balanced),0.76024,f1,0.20902,0.24994,0.16421,0.28746,0.95096,0.92945,0.85736,0.16114,0.1191,0.23749,0.30339,0.17436,0.37226,0.9482,0.93176,0.81949,0.14863,0.12555,3653,17298,316647,6160,"Selected threshold 0.7602 maximizing F1-score (0.2090) on validation data. Precision=0.1642, Recall=0.2875. Note: Threshold is in the range >0.70 because 'Random Forest' was trained with balanced class weighting which shifts predicted probabilities upward to compensate for class imbalance (mean proba: 0.2060)."
Random Forest,f2_optimal,F2 Optimal (High Recall Priority),0.43656,f2,0.19559,0.36519,0.11025,0.8655,0.7659,0.76913,0.85736,0.16114,0.1191,0.15356,0.29541,0.0853,0.76898,0.75768,0.758,0.81949,0.14863,0.12555,7546,80921,253024,2267,Selected threshold 0.4366 maximizing F2-score (0.3652) on validation data to heavily prioritize disaster recall (0.8655) over false alarms (Precision=0.1103).
Random Forest,high_recall_80,High Sensitivity (Recall >= 80%),0.50949,target_recall,0.19375,0.35532,0.11022,0.80018,0.78349,0.78404,0.85736,0.16114,0.1191,0.15795,0.30066,0.08818,0.75614,0.77026,0.76985,0.81949,0.14863,0.12555,7420,76722,257223,2393,"Selected threshold 0.5095 ensuring target recall >= 80.0% (achieved Recall=80.02%, Precision=11.02%)."
Random Forest,high_recall_85,High Sensitivity (Recall >= 85%),0.46054,target_recall,0.19599,0.36412,0.11076,0.85054,0.77113,0.77371,0.85736,0.16114,0.1191,0.15501,0.29721,0.08624,0.76521,0.76175,0.76185,0.81949,0.14863,0.12555,7509,79562,254383,2304,"Selected threshold 0.4605 ensuring target recall >= 85.0% (achieved Recall=85.05%, Precision=11.08%)."
Random Forest,high_recall_90,High Sensitivity (Recall >= 90%),0.34565,target_recall,0.19064,0.36168,0.10661,0.9,0.74723,0.75218,0.85736,0.16114,0.1191,0.14881,0.28967,0.08219,0.78518,0.74236,0.74358,0.81949,0.14863,0.12555,7705,86038,247907,2108,"Selected threshold 0.3457 ensuring target recall >= 90.0% (achieved Recall=90.00%, Precision=10.66%)."
Random Forest,cost_sensitive_10x,Cost-Sensitive (10:1 Missed Flood Penalty),0.46853,cost_sensitive,0.19625,0.36392,0.11101,0.84552,0.77306,0.77541,0.85736,0.16114,0.1191,0.15539,0.29763,0.08649,0.76368,0.76299,0.76301,0.81949,0.14863,0.12555,7494,79148,254797,2319,"Selected threshold 0.4685 minimizing total cost ($92,807) with FN weight 10.0x and FP weight 1.0x."
Random Forest,g_mean_balanced,G-Mean Balanced (Sensitivity-Specificity),0.34366,g_mean,0.19048,0.3615,0.1065,0.90054,0.74679,0.75178,0.85736,0.16114,0.1191,0.14876,0.28965,0.08216,0.78579,0.74204,0.74329,0.81949,0.14863,0.12555,7711,86145,247800,2102,"Selected threshold 0.3437 maximizing G-Mean (0.8201) (Sensitivity=0.9005, Specificity=0.7468)."
XGBoost,f1_optimal,F1 Optimal (Balanced),0.80719,f1,0.22839,0.26876,0.18266,0.30466,0.95431,0.93324,0.86227,0.1804,0.14093,0.24387,0.29354,0.19023,0.33965,0.95751,0.93988,0.83876,0.15926,0.14445,3333,14188,319757,6480,"Selected threshold 0.8072 maximizing F1-score (0.2284) on validation data. Precision=0.1827, Recall=0.3047. Note: Threshold is in the range >0.70 because 'XGBoost' was trained with balanced class weighting which shifts predicted probabilities upward to compensate for class imbalance (mean proba: 0.2281)."
XGBoost,f2_optimal,F2 Optimal (High Recall Priority),0.50849,f2,0.19708,0.37153,0.11056,0.90645,0.75559,0.76048,0.86227,0.1804,0.14093,0.15202,0.29302,0.08436,0.76776,0.75514,0.7555,0.83876,0.15926,0.14445,7534,81771,252174,2279,Selected threshold 0.5085 maximizing F2-score (0.3715) on validation data to heavily prioritize disaster recall (0.9064) over false alarms (Precision=0.1106).
XGBoost,high_recall_80,High Sensitivity (Recall >= 80%),0.59341,target_recall,0.19144,0.35226,0.10872,0.80063,0.78002,0.78069,0.86227,0.1804,0.14093,0.15779,0.30057,0.08807,0.75757,0.76949,0.76915,0.83876,0.15926,0.14445,7434,76979,256966,2379,"Selected threshold 0.5934 ensuring target recall >= 80.0% (achieved Recall=80.06%, Precision=10.87%)."
XGBoost,high_recall_85,High Sensitivity (Recall >= 85%),0.56743,target_recall,0.19501,0.36276,0.11013,0.85054,0.76966,0.77228,0.86227,0.1804,0.14093,0.1551,0.29707,0.08633,0.76225,0.76294,0.76292,0.83876,0.15926,0.14445,7480,79164,254781,2333,"Selected threshold 0.5674 ensuring target recall >= 85.0% (achieved Recall=85.05%, Precision=11.01%)."
XGBoost,high_recall_90,High Sensitivity (Recall >= 90%),0.52048,target_recall,0.1972,0.37107,0.11073,0.90018,0.7577,0.76232,0.86227,0.1804,0.14093,0.15251,0.29368,0.08467,0.76704,0.75633,0.75664,0.83876,0.15926,0.14445,7527,81371,252574,2286,"Selected threshold 0.5205 ensuring target recall >= 90.0% (achieved Recall=90.02%, Precision=11.07%)."
XGBoost,cost_sensitive_10x,Cost-Sensitive (10:1 Missed Flood Penalty),0.51948,cost_sensitive,0.19724,0.37122,0.11074,0.90116,0.75746,0.76212,0.86227,0.1804,0.14093,0.15246,0.29361,0.08464,0.76704,0.75624,0.75655,0.83876,0.15926,0.14445,7527,81402,252543,2286,"Selected threshold 0.5195 minimizing total cost ($91,791) with FN weight 10.0x and FP weight 1.0x."
XGBoost,g_mean_balanced,G-Mean Balanced (Sensitivity-Specificity),0.46154,g_mean,0.1951,0.36975,0.10916,0.91703,0.74918,0.75463,0.86227,0.1804,0.14093,0.15082,0.292,0.08352,0.77683,0.7495,0.75028,0.83876,0.15926,0.14445,7623,83654,250291,2190,"Selected threshold 0.4615 maximizing G-Mean (0.8289) (Sensitivity=0.9170, Specificity=0.7492)."
ANN (MLP),f1_optimal,F1 Optimal (Balanced),0.10764,f1,0.21111,0.26026,0.16058,0.30806,0.94603,0.92534,0.8537,0.15375,0.02954,0.2305,0.29359,0.16972,0.35912,0.94837,0.93155,0.82915,0.15777,0.02573,3524,17240,316705,6289,"Selected threshold 0.1076 maximizing F1-score (0.2111) on validation data. Precision=0.1606, Recall=0.3081."
ANN (MLP),f2_optimal,F2 Optimal (High Recall Priority),0.01341,f2,0.17759,0.33972,0.09891,0.8681,0.73494,0.73926,0.8537,0.15375,0.02954,0.14535,0.28555,0.07994,0.79996,0.72944,0.73145,0.82915,0.15777,0.02573,7850,90353,243592,1963,"Selected threshold 0.0134 maximizing F2-score (0.3397) on validation data to heavily prioritize disaster recall (0.8681) over false alarms (Precision=0.0989). Note: Threshold is in the range <0.10 because 'ANN (MLP)' outputs unweighted, well-calibrated probabilities reflecting the empirical ~2.6% base rate (mean proba: 0.0233, max: 0.9656)."
ANN (MLP),high_recall_80,High Sensitivity (Recall >= 80%),0.01872,target_recall,0.17988,0.33645,0.10131,0.80152,0.7617,0.76299,0.8537,0.15375,0.02954,0.15264,0.29504,0.08459,0.78039,0.75185,0.75267,0.82915,0.15777,0.02573,7658,82868,251077,2155,"Selected threshold 0.0187 ensuring target recall >= 80.0% (achieved Recall=80.15%, Precision=10.13%). Note: Threshold is in the range <0.10 because 'ANN (MLP)' outputs unweighted, well-calibrated probabilities reflecting the empirical ~2.6% base rate (mean proba: 0.0233, max: 0.9656)."
ANN (MLP),high_recall_85,High Sensitivity (Recall >= 85%),0.01447,target_recall,0.17803,0.33903,0.09938,0.85376,0.74068,0.74434,0.8537,0.15375,0.02954,0.147,0.28781,0.08098,0.79629,0.73444,0.7362,0.82915,0.15777,0.02573,7814,88684,245261,1999,"Selected threshold 0.0145 ensuring target recall >= 85.0% (achieved Recall=85.38%, Precision=9.94%). Note: Threshold is in the range <0.10 because 'ANN (MLP)' outputs unweighted, well-calibrated probabilities reflecting the empirical ~2.6% base rate (mean proba: 0.0233, max: 0.9656)."
ANN (MLP),high_recall_90,High Sensitivity (Recall >= 90%),0.01033,target_recall,0.17346,0.33653,0.09596,0.90152,0.71536,0.72139,0.8537,0.15375,0.02954,0.14056,0.27894,0.07694,0.81168,0.71386,0.71665,0.82915,0.15777,0.02573,7965,95555,238390,1848,"Selected threshold 0.0103 ensuring target recall >= 90.0% (achieved Recall=90.15%, Precision=9.60%). Note: Threshold is in the range <0.10 because 'ANN (MLP)' outputs unweighted, well-calibrated probabilities reflecting the empirical ~2.6% base rate (mean proba: 0.0233, max: 0.9656)."
ANN (MLP),cost_sensitive_10x,Cost-Sensitive (10:1 Missed Flood Penalty),0.09265,cost_sensitive,0.21042,0.27995,0.14882,0.35905,0.93117,0.91262,0.8537,0.15375,0.02954,0.22553,0.31291,0.1539,0.42189,0.93184,0.91728,0.82915,0.15777,0.02573,4140,22761,311184,5673,"Selected threshold 0.0926 minimizing total cost ($94,449) with FN weight 10.0x and FP weight 1.0x. Note: Threshold is in the range <0.10 because 'ANN (MLP)' outputs unweighted, well-calibrated probabilities reflecting the empirical ~2.6% base rate (mean proba: 0.0233, max: 0.9656)."
ANN (MLP),g_mean_balanced,G-Mean Balanced (Sensitivity-Specificity),0.00999,g_mean,0.17297,0.33609,0.09562,0.9052,0.71306,0.71929,0.8537,0.15375,0.02954,0.14,0.27817,0.0766,0.81311,0.71196,0.71485,0.82915,0.15777,0.02573,7979,96190,237755,1834,"Selected threshold 0.0100 maximizing G-Mean (0.8034) (Sensitivity=0.9052, Specificity=0.7131). Note: Threshold is in the range <0.10 because 'ANN (MLP)' outputs unweighted, well-calibrated probabilities reflecting the empirical ~2.6% base rate (mean proba: 0.0233, max: 0.9656)."
