Feature,Mean_Absolute_SHAP
Month_cos,1.2984998772253993
Month_sin,1.1300522542881377
Year,0.5442143023504378
Rainy_Days_Prev_15d,0.5172155023128525
Flood_Occurred,0.4724199910587855
Rainy_Days_Prev_30d,0.4509794242715987
Month_Number,0.39423077842066323
Day_of_Year,0.3669008976730776
Rainfall_Prev_15d_Sum,0.3322411647860442
Day,0.2524766481411543
Rainfall_Prev_15d_Max,0.23659904476746807
Rainy_Days_Prev_7d,0.21896965401395233
Rainfall_Prev_30d_Sum,0.1785515099367923
Rainfall_Prev_30d_Max,0.09893212942281802
Rainfall_Prev_7d_Sum,0.08188360022640441
Rainfall (mm),0.05680568933525056
Rainy_Days_Prev_3d,0.04064349596382924
Rainfall_Prev_3d_Max,0.03717810751669566
Day_of_Week,0.03672257398751722
Rainfall_Prev_7d_Max,0.02151320571018574
Consecutive_Rainy_Days_Before,0.01421257770393768
Rainfall_Lag_1d,0.01174208893911974
Rainfall_Prev_3d_Sum,0.009340229185549895
Rainfall_Lag_3d,0.0057235270356558975
Rainfall_Lag_7d,0.0029448344422643943
Rainfall_Lag_2d,0.0009417922759924641
Rainfall_Missing,4.664168751469375e-19
