Model,Strategy_Label,Strategy_Key,Threshold,Val_F1,Val_F2,Val_Precision,Val_Recall,Val_Specificity,Val_Accuracy,Val_PR_AUC,Val_ROC_AUC,Val_Brier_Score,TP,FP,TN,FN,Test_F1,Test_Recall,Test_Precision,Test_Accuracy,Test_Specificity
Logistic Regression,Balanced F1 (Default),f1,0.8503,0.2572,0.291,0.2154,0.319,0.9611,0.9402,0.1732,0.8623,0.1459,3560,12967,320013,7600,0.32246,0.41149,0.2651,0.95064,0.96648
Logistic Regression,Disaster-Averse F2 (Recall-Weighted),f2,0.52,0.2053,0.3841,0.1156,0.9152,0.7654,0.7703,0.1732,0.8623,0.1459,10214,78111,254869,946,0.1491,0.74034,0.0829,0.75879,0.75933
Logistic Regression,High Sensitivity (Recall >= 80%),recall_target,0.5292,0.2054,0.384,0.1157,0.9133,0.7661,0.7709,0.1732,0.8623,0.1459,10192,77870,255110,968,0.14917,0.73922,0.08296,0.75928,0.75987
Logistic Regression,Ultra-High Sensitivity (Recall >= 90%),recall_target,0.5292,0.2054,0.384,0.1157,0.9133,0.7661,0.7709,0.1732,0.8623,0.1459,10192,77870,255110,968,0.14917,0.73922,0.08296,0.75928,0.75987
Logistic Regression,Youden's J (ROC Optimal),youden_j,0.5031,0.2049,0.3837,0.1153,0.9173,0.7642,0.7692,0.1732,0.8623,0.1459,10237,78512,254468,923,0.14877,0.74116,0.08269,0.75789,0.75838
Logistic Regression,Cost-Sensitive (FN Loss = 5x FP),cost_sensitive,0.8811,0.2431,0.2409,0.2468,0.2395,0.9755,0.9516,0.1732,0.8623,0.1459,2673,8156,324824,8487,0.32067,0.31988,0.32145,0.96131,0.98016
Logistic Regression,Standard Baseline (0.50),default_0.5,0.5,0.2048,0.3835,0.1153,0.9173,0.764,0.769,0.1732,0.8623,0.1459,10237,78586,254394,923,0.14873,0.74126,0.08266,0.75777,0.75825
Decision Tree,Balanced F1 (Default),f1,0.8265,0.2206,0.2623,0.1744,0.3001,0.9524,0.9312,0.1429,0.8393,0.1497,3349,15857,317123,7811,0.18343,0.20086,0.16878,0.94895,0.97093
Decision Tree,Disaster-Averse F2 (Recall-Weighted),f2,0.6184,0.1997,0.3768,0.112,0.922,0.7549,0.7603,0.1429,0.8393,0.1497,10290,81623,251357,870,0.14999,0.7538,0.08328,0.75611,0.75618
Decision Tree,High Sensitivity (Recall >= 80%),recall_target,0.6184,0.1997,0.3768,0.112,0.922,0.7549,0.7603,0.1429,0.8393,0.1497,10290,81623,251357,870,0.14999,0.7538,0.08328,0.75611,0.75618
Decision Tree,Ultra-High Sensitivity (Recall >= 90%),recall_target,0.6184,0.1997,0.3768,0.112,0.922,0.7549,0.7603,0.1429,0.8393,0.1497,10290,81623,251357,870,0.14999,0.7538,0.08328,0.75611,0.75618
Decision Tree,Youden's J (ROC Optimal),youden_j,0.6184,0.1997,0.3768,0.112,0.922,0.7549,0.7603,0.1429,0.8393,0.1497,10290,81623,251357,870,0.14999,0.7538,0.08328,0.75611,0.75618
Decision Tree,Cost-Sensitive (FN Loss = 5x FP),cost_sensitive,0.891,0.1586,0.1332,0.2324,0.1203,0.9867,0.9586,0.1429,0.8393,0.1497,1343,4436,328544,9817,0.17195,0.13105,0.24995,0.96397,0.98844
Decision Tree,Standard Baseline (0.50),default_0.5,0.5,0.1927,0.3672,0.1075,0.9271,0.7421,0.7481,0.1429,0.8393,0.1497,10346,85876,247104,814,0.14904,0.76592,0.08255,0.75032,0.74986
Random Forest,Balanced F1 (Default),f1,0.7607,0.2092,0.2497,0.1647,0.2866,0.9513,0.9297,0.1611,0.8574,0.1191,3199,16224,316756,7961,0.23736,0.37043,0.17463,0.93205,0.94855
Random Forest,Disaster-Averse F2 (Recall-Weighted),f2,0.4363,0.1956,0.3652,0.1103,0.8657,0.7659,0.7691,0.1611,0.8574,0.1191,9661,77967,255013,1499,0.15354,0.76898,0.08528,0.75796,0.75763
Random Forest,High Sensitivity (Recall >= 80%),recall_target,0.4799,0.196,0.3625,0.111,0.8356,0.7758,0.7777,0.1611,0.8574,0.1191,9325,74660,258320,1835,0.15611,0.76205,0.08696,0.76481,0.76489
Random Forest,Ultra-High Sensitivity (Recall >= 90%),recall_target,0.3458,0.1907,0.3617,0.1066,0.9,0.7473,0.7522,0.1611,0.8574,0.1191,10044,84155,248825,1116,0.14878,0.78498,0.08218,0.7436,0.74238
Random Forest,Youden's J (ROC Optimal),youden_j,0.333,0.1896,0.3604,0.1059,0.903,0.7445,0.7497,0.1611,0.8574,0.1191,10077,85072,247908,1083,0.14819,0.78824,0.08178,0.74131,0.73993
Random Forest,Cost-Sensitive (FN Loss = 5x FP),cost_sensitive,0.8316,0.1772,0.149,0.2589,0.1347,0.9871,0.9594,0.1611,0.8574,0.1191,1503,4302,328678,9657,0.16693,0.12453,0.25311,0.96452,0.9892
Random Forest,Standard Baseline (0.50),default_0.5,0.5,0.1948,0.3583,0.1106,0.8134,0.7809,0.7819,0.1611,0.8574,0.1191,9077,72966,260014,2083,0.15727,0.75818,0.08774,0.76805,0.76835
XGBoost,Balanced F1 (Default),f1,0.8073,0.2286,0.2688,0.1829,0.3046,0.9544,0.9333,0.1804,0.8623,0.1409,3399,15180,317800,7761,0.24401,0.33945,0.19046,0.93996,0.9576
XGBoost,Disaster-Averse F2 (Recall-Weighted),f2,0.5083,0.1971,0.3715,0.1106,0.9065,0.7556,0.7605,0.1804,0.8623,0.1409,10117,81393,251587,1043,0.15202,0.76776,0.08436,0.75549,0.75513
XGBoost,High Sensitivity (Recall >= 80%),recall_target,0.5226,0.1973,0.3711,0.1108,0.899,0.7582,0.7627,0.1804,0.8623,0.1409,10033,80522,252458,1127,0.15257,0.76684,0.08471,0.75683,0.75654
XGBoost,Ultra-High Sensitivity (Recall >= 90%),recall_target,0.5214,0.1973,0.3712,0.1108,0.9,0.7579,0.7625,0.1804,0.8623,0.1409,10044,80621,252359,1116,0.15256,0.76704,0.0847,0.75674,0.75644
XGBoost,Youden's J (ROC Optimal),youden_j,0.4605,0.195,0.3697,0.1091,0.9172,0.749,0.7545,0.1804,0.8623,0.1409,10236,83569,249411,924,0.15075,0.77703,0.08347,0.75007,0.74928
XGBoost,Cost-Sensitive (FN Loss = 5x FP),cost_sensitive,0.8613,0.2033,0.1825,0.2509,0.1709,0.9829,0.9566,0.1804,0.8623,0.1409,1907,5693,327287,9253,0.18727,0.15062,0.24749,0.96268,0.98654
XGBoost,Standard Baseline (0.50),default_0.5,0.5,0.1968,0.3713,0.1103,0.909,0.7543,0.7593,0.1804,0.8623,0.1409,10144,81806,251174,1016,0.1519,0.76888,0.08427,0.7549,0.75449
ANN (MLP),Balanced F1 (Default),f1,0.1075,0.2113,0.2607,0.1605,0.3089,0.9459,0.9252,0.1537,0.8537,0.0295,3447,18026,314954,7713,0.23041,0.35942,0.16955,0.93146,0.94827
ANN (MLP),Disaster-Averse F2 (Recall-Weighted),f2,0.0133,0.1776,0.3398,0.0989,0.8692,0.7345,0.7389,0.1537,0.8537,0.0295,9700,88399,244581,1460,0.14517,0.80026,0.07982,0.73096,0.72892
ANN (MLP),High Sensitivity (Recall >= 80%),recall_target,0.0189,0.18,0.3364,0.1014,0.8,0.7624,0.7636,0.1537,0.8537,0.0295,8928,79118,253862,2232,0.15288,0.77999,0.08475,0.75325,0.75247
ANN (MLP),Ultra-High Sensitivity (Recall >= 90%),recall_target,0.0104,0.1736,0.3366,0.0961,0.9,0.7162,0.7221,0.1537,0.8537,0.0295,10044,94506,238474,1116,0.14062,0.81117,0.07698,0.71697,0.7142
ANN (MLP),Youden's J (ROC Optimal),youden_j,0.009,0.1709,0.3335,0.0943,0.9125,0.7061,0.7128,0.1537,0.8537,0.0295,10184,97866,235114,976,0.13838,0.81739,0.07559,0.70944,0.70627
ANN (MLP),Cost-Sensitive (FN Loss = 5x FP),cost_sensitive,0.2179,0.1597,0.1318,0.2467,0.1181,0.9879,0.9597,0.1537,0.8537,0.0295,1318,4025,328955,9842,0.18036,0.13024,0.29319,0.96621,0.99077
ANN (MLP),Standard Baseline (0.50),default_0.5,0.5,0.0317,0.0203,0.4645,0.0164,0.9994,0.9675,0.1537,0.8537,0.0295,183,211,332769,10977,0.01139,0.00581,0.29534,0.97122,0.99959
