Model,Split,Strategy,Threshold,Accuracy,Precision,Recall,Specificity,F1_Score,F2_Score,PR_AUC,ROC_AUC,Brier_Score,False_Negative_Rate,False_Positive_Rate,True_Positives_TP,False_Positives_FP,True_Negatives_TN,False_Negatives_FN
Logistic Regression,Test (2022–2024),Standard Baseline (0.50),0.5,0.75777,0.08266,0.74126,0.75825,0.14873,0.2858,0.23986,0.84091,0.14904,0.25874,0.24175,7274,80730,253215,2539
Logistic Regression,Test (2022–2024),Validation-Tuned F1 (Balanced),0.8503,0.95064,0.2651,0.41149,0.96648,0.32246,0.37057,0.23986,0.84091,0.14904,0.58851,0.03352,4038,11194,322751,5775
Logistic Regression,Test (2022–2024),Validation-Tuned F2 (Disaster-Averse),0.52,0.75879,0.0829,0.74034,0.75933,0.1491,0.28628,0.23986,0.84091,0.14904,0.25966,0.24067,7265,80371,253574,2548
Logistic Regression,Test (2022–2024),High Sensitivity (Recall >= 80%),0.5292,0.75928,0.08296,0.73922,0.75987,0.14917,0.28628,0.23986,0.84091,0.14904,0.26078,0.24013,7254,80190,253755,2559
Decision Tree,Test (2022–2024),Standard Baseline (0.50),0.5,0.75032,0.08255,0.76592,0.74986,0.14904,0.28841,0.12953,0.80117,0.15149,0.23408,0.25014,7516,83533,250412,2297
Decision Tree,Test (2022–2024),Validation-Tuned F1 (Balanced),0.8265,0.94895,0.16878,0.20086,0.97093,0.18343,0.1935,0.12953,0.80117,0.15149,0.79914,0.02907,1971,9707,324238,7842
Decision Tree,Test (2022–2024),Validation-Tuned F2 (Disaster-Averse),0.6184,0.75611,0.08328,0.7538,0.75618,0.14999,0.28878,0.12953,0.80117,0.15149,0.2462,0.24382,7397,81424,252521,2416
Decision Tree,Test (2022–2024),High Sensitivity (Recall >= 80%),0.6184,0.75611,0.08328,0.7538,0.75618,0.14999,0.28878,0.12953,0.80117,0.15149,0.2462,0.24382,7397,81424,252521,2416
Random Forest,Test (2022–2024),Standard Baseline (0.50),0.5,0.76805,0.08774,0.75818,0.76835,0.15727,0.29987,0.14863,0.81949,0.12555,0.24182,0.23165,7440,77360,256585,2373
Random Forest,Test (2022–2024),Validation-Tuned F1 (Balanced),0.7607,0.93205,0.17463,0.37043,0.94855,0.23736,0.30257,0.14863,0.81949,0.12555,0.62957,0.05145,3635,17181,316764,6178
Random Forest,Test (2022–2024),Validation-Tuned F2 (Disaster-Averse),0.4363,0.75796,0.08528,0.76898,0.75763,0.15354,0.29538,0.14863,0.81949,0.12555,0.23102,0.24237,7546,80937,253008,2267
Random Forest,Test (2022–2024),High Sensitivity (Recall >= 80%),0.4799,0.76481,0.08696,0.76205,0.76489,0.15611,0.29853,0.14863,0.81949,0.12555,0.23795,0.23511,7478,78515,255430,2335
XGBoost,Test (2022–2024),Standard Baseline (0.50),0.5,0.7549,0.08427,0.76888,0.75449,0.1519,0.29293,0.15926,0.83876,0.14445,0.23112,0.24551,7545,81986,251959,2268
XGBoost,Test (2022–2024),Validation-Tuned F1 (Balanced),0.8073,0.93996,0.19046,0.33945,0.9576,0.24401,0.29353,0.15926,0.83876,0.14445,0.66055,0.0424,3331,14158,319787,6482
XGBoost,Test (2022–2024),Validation-Tuned F2 (Disaster-Averse),0.5083,0.75549,0.08436,0.76776,0.75513,0.15202,0.29302,0.15926,0.83876,0.14445,0.23224,0.24487,7534,81773,252172,2279
XGBoost,Test (2022–2024),High Sensitivity (Recall >= 80%),0.5226,0.75683,0.08471,0.76684,0.75654,0.15257,0.29376,0.15926,0.83876,0.14445,0.23316,0.24346,7525,81303,252642,2288
ANN (MLP),Test (2022–2024),Standard Baseline (0.50),0.5,0.97122,0.29534,0.00581,0.99959,0.01139,0.00723,0.15777,0.82915,0.02573,0.99419,0.00041,57,136,333809,9756
ANN (MLP),Test (2022–2024),Validation-Tuned F1 (Balanced),0.1075,0.93146,0.16955,0.35942,0.94827,0.23041,0.29365,0.15777,0.82915,0.02573,0.64058,0.05173,3527,17275,316670,6286
ANN (MLP),Test (2022–2024),Validation-Tuned F2 (Disaster-Averse),0.0133,0.73096,0.07982,0.80026,0.72892,0.14517,0.28529,0.15777,0.82915,0.02573,0.19974,0.27108,7853,90526,243419,1960
ANN (MLP),Test (2022–2024),High Sensitivity (Recall >= 80%),0.0189,0.75325,0.08475,0.77999,0.75247,0.15288,0.29536,0.15777,0.82915,0.02573,0.22001,0.24753,7654,82663,251282,2159
