Year,Temporal_Split,Total_Records,Non_Flood_Count_0,Flood_Count_1,Flood_Prevalence_Pct,Imbalance_Ratio
2001,Train,114610,112245,2365,2.0635,47.46
2002,Train,114610,114610,0,0.0,114610.0
2003,Train,114610,108227,6383,5.5693,16.96
2004,Train,114924,114513,411,0.3576,278.62
2005,Train,114610,114610,0,0.0,114610.0
2006,Train,114610,107653,6957,6.0702,15.47
2007,Train,114610,109687,4923,4.2954,22.28
2008,Train,114924,112783,2141,1.863,52.68
2009,Train,114603,94639,19964,17.4201,4.74
2010,Train,114370,114068,302,0.2641,377.71
2011,Train,114610,110899,3711,3.2379,29.88
2012,Train,114924,113437,1487,1.2939,76.29
2013,Train,114610,114097,513,0.4476,222.41
2014,Train,114610,113882,728,0.6352,156.43
2015,Train,114610,114142,468,0.4083,243.89
2016,Train,114924,114801,123,0.107,933.34
2017,Train,114610,114225,385,0.3359,296.69
2018,Train,114610,113826,784,0.6841,145.19
2019,Validation,114607,114415,192,0.1675,595.91
2020,Validation,114923,106057,8866,7.7147,11.96
2021,Validation,114610,112508,2102,1.834,53.52
2022,Test,114610,110645,3965,3.4596,27.91
2023,Test,114610,112978,1632,1.424,69.23
2024,Test,114538,110322,4216,3.6809,26.17
